// Lines starting with '//' will be ignored :D
// id,first_name,last_name,email,gender,ip_address
1,Rosette,Morales,rmorales0@shareasale.com,Female,71.211.133.196
2,Tammara,Sieghart,tsieghart1@w3.org,Bigender,217.245.4.51
3,Lorettalorna,Tonn,ltonn2@php.net,Female,180.135.170.6
4,Megan,Ocheltree,mocheltree3@dyndns.org,Female,245.148.131.227
5,Zaria,Riediger,zriediger4@berkeley.edu,Female,170.98.176.41
6,Cheryl,Pettman,cpettman5@nbcnews.com,Female,39.208.97.10
7,Renado,Blueman,rblueman6@networkadvertising.org,Male,117.87.196.198
8,Homere,Hannant,hhannant7@baidu.com,Genderqueer,125.173.115.122
9,Kynthia,Winborn,kwinborn8@ezinearticles.com,Female,82.138.252.104
10,Krystle,Jillins,kjillins9@vkontakte.ru,Female,101.169.88.232
11,Edeline,Le Claire,eleclairea@nasa.gov,Female,58.115.202.247
12,Ulla,Grahame,ugrahameb@gmpg.org,Female,45.36.245.25
13,Anabelle,Gurdon,agurdonc@myspace.com,Agender,4.152.38.21
14,Winny,Gofforth,wgofforthd@blogs.com,Male,61.123.89.173
15,Pinchas,Knock,pknocke@google.com.br,Male,239.160.106.249
16,Theodore,Ayto,taytof@vinaora.com,Male,204.81.170.7
17,Ernestine,Defond,edefondg@bbc.co.uk,Female,56.108.175.50
18,Hendrika,Ferrarini,hferrarinih@last.fm,Female,138.230.158.145
19,Hussein,Jandel,hjandeli@symantec.com,Male,188.70.116.205
20,Parrnell,Gogarty,pgogartyj@discuz.net,Bigender,203.176.241.166
21,Blanch,Jansen,bjansenk@unicef.org,Female,159.216.211.14
22,Mala,McSpirron,mmcspirronl@tinyurl.com,Female,135.247.116.48
23,Marwin,Dowtry,mdowtrym@vimeo.com,Male,183.103.37.78
24,Pierre,Hawton,phawtonn@rakuten.co.jp,Male,0.97.84.233
25,Glenine,Cleft,gclefto@rediff.com,Female,146.180.24.173
26,Ola,Atthowe,oatthowep@ameblo.jp,Female,85.119.184.64
27,Maryanna,Costello,mcostelloq@wix.com,Female,202.101.93.39
28,Sheppard,Beetlestone,sbeetlestoner@springer.com,Male,237.238.159.208
29,Jamesy,Charlo,jcharlos@php.net,Male,228.105.135.180
30,Rudd,Kenwrick,rkenwrickt@com.com,Male,216.45.22.129
31,Chloette,Greatreax,cgreatreaxu@1und1.de,Female,8.119.252.222
32,Onida,Speak,ospeakv@google.com.br,Female,66.134.107.187
33,Lorianne,Pedrocchi,lpedrocchiw@google.com,Female,87.23.157.249
34,Corbett,Vatini,cvatinix@tumblr.com,Male,142.26.27.150
35,Ashli,Vittet,avittety@toplist.cz,Female,171.0.36.33
36,Ripley,De Rechter,rderechterz@cnbc.com,Male,193.162.236.148
37,Jabez,Simonutti,jsimonutti10@mozilla.org,Male,21.210.41.69
38,Traver,Borgnet,tborgnet11@last.fm,Male,197.235.244.236
39,Dannye,Eingerfield,deingerfield12@berkeley.edu,Female,161.202.104.6
40,Gilbertine,Gustus,ggustus13@state.gov,Female,152.156.108.141
41,Jamesy,Splaven,jsplaven14@cdbaby.com,Male,68.32.28.40
42,Cherrita,Farmery,cfarmery15@cbslocal.com,Female,132.206.10.152
43,Wendall,Janczak,wjanczak16@theatlantic.com,Male,69.95.155.208
44,Jenna,Saller,jsaller17@tamu.edu,Female,96.231.4.68
45,Babara,Baine,bbaine18@ucoz.com,Female,3.225.90.219
46,Damon,Toffoletto,dtoffoletto19@arstechnica.com,Male,202.20.76.128
47,Kelila,Ivakin,kivakin1a@surveymonkey.com,Female,190.71.38.114
48,Armand,Gaskins,agaskins1b@github.io,Male,205.129.30.146
49,Carolyne,Woodier,cwoodier1c@springer.com,Female,53.45.169.219
50,Hy,Percifull,hpercifull1d@vistaprint.com,Male,188.26.45.101
51,Lucita,Steinham,lsteinham1e@yahoo.co.jp,Polygender,191.6.88.12
52,Donnie,Hynde,dhynde1f@oakley.com,Female,131.170.49.95
53,Lauri,Reeks,lreeks1g@yolasite.com,Female,245.195.244.228
54,Etan,Hairyes,ehairyes1h@wikimedia.org,Male,138.169.47.183
55,Hilly,Grannell,hgrannell1i@opensource.org,Male,44.48.121.253
56,Alanson,Waldron,awaldron1j@go.com,Male,211.135.135.84
57,Kit,Diperaus,kdiperaus1k@lycos.com,Female,2.82.202.1
58,Emma,Cowdray,ecowdray1l@posterous.com,Female,123.97.103.76
59,Chris,Ivankov,civankov1m@desdev.cn,Male,214.30.30.139
60,Tomkin,Bernardo,tbernardo1n@soundcloud.com,Male,10.139.46.33
61,Connie,Aldersey,caldersey1o@nps.gov,Male,18.142.198.228
62,Arturo,Worrell,aworrell1p@nih.gov,Male,57.58.37.234
63,Zachary,Mottini,zmottini1q@soundcloud.com,Male,19.237.17.46
64,Skye,Ouchterlony,souchterlony1r@state.gov,Male,17.90.67.213
65,Quentin,Crannach,qcrannach1s@behance.net,Male,114.15.133.242
66,Olive,Pridie,opridie1t@who.int,Female,26.112.153.30
67,Gifford,Harner,gharner1u@themeforest.net,Male,79.107.49.201
68,Adolf,Challace,achallace1v@craigslist.org,Male,41.73.142.137
69,Bernie,Enos,benos1w@businessinsider.com,Male,216.63.17.67
70,Marika,Walhedd,mwalhedd1x@canalblog.com,Female,244.225.142.211
71,Lou,Bilam,lbilam1y@wiley.com,Male,216.232.126.10
72,Thorn,Pirrey,tpirrey1z@icio.us,Male,66.209.213.3
73,Izzy,Penni,ipenni20@globo.com,Male,35.100.14.191
74,Livvie,Greenhow,lgreenhow21@theglobeandmail.com,Female,250.240.128.207
75,Toma,Tosdevin,ttosdevin22@gravatar.com,Female,163.255.107.50
76,Ailene,Gallichan,agallichan23@nyu.edu,Female,26.253.16.98
77,Myrtia,Cubbin,mcubbin24@feedburner.com,Female,238.238.15.66
78,Culley,Matherson,cmatherson25@tripadvisor.com,Male,165.97.76.178
79,Saidee,LAbbet,slabbet26@bloglines.com,Female,131.167.47.137
80,Klaus,Adamowitz,kadamowitz27@rediff.com,Male,50.217.53.5
81,Luca,Lanfranconi,llanfranconi28@unc.edu,Male,97.179.71.168
82,Sheelah,Bathersby,sbathersby29@tamu.edu,Non-binary,83.169.96.179
83,Ophelia,Kisar,okisar2a@ameblo.jp,Female,38.241.51.164
84,Shirl,Alywen,salywen2b@upenn.edu,Female,59.48.191.34
85,Delcine,Truggian,dtruggian2c@networksolutions.com,Female,174.7.237.214
86,Gustavo,Kinzett,gkinzett2d@eventbrite.com,Male,165.35.175.125
87,Valenka,Mawby,vmawby2e@google.ru,Female,167.11.239.156
88,Davide,Jarnell,djarnell2f@bigcartel.com,Male,25.94.186.158
89,Elna,Worham,eworham2g@bluehost.com,Female,52.100.122.168
90,Cazzie,Ivanaev,civanaev2h@ifeng.com,Male,197.189.185.85
91,Sabrina,Magnar,smagnar2i@deviantart.com,Female,137.9.87.144
92,Willis,Bushell,wbushell2j@indiatimes.com,Male,219.103.46.78
93,Kassey,McCarrison,kmccarrison2k@dailymotion.com,Female,99.169.83.252
94,Nickolai,Arnholtz,narnholtz2l@amazon.de,Male,144.69.233.169
95,Marjy,Cosans,mcosans2m@aol.com,Female,218.123.154.82
96,Mariana,Coburn,mcoburn2n@yellowbook.com,Genderfluid,23.70.204.152
97,Martina,Sines,msines2o@wikipedia.org,Female,202.175.189.199
98,Ludvig,Lis,llis2p@goo.ne.jp,Male,172.6.61.18
99,Yasmin,McGillicuddy,ymcgillicuddy2q@webeden.co.uk,Female,108.109.160.212
100,Alicia,Tredinnick,atredinnick2r@ovh.net,Female,230.253.6.9
101,Byrom,Tomaschke,btomaschke2s@wordpress.com,Male,8.117.160.196
102,Bryanty,Coll,bcoll2t@posterous.com,Male,8.81.65.98
103,Erika,Bridgeman,ebridgeman2u@wikia.com,Polygender,107.124.175.102
104,Jethro,Paddle,jpaddle2v@merriam-webster.com,Male,5.116.161.127
105,Alyse,Ringer,aringer2w@cnbc.com,Agender,22.86.245.149
106,Alys,Jerrand,ajerrand2x@yandex.ru,Female,198.47.12.91
107,Leopold,Frewer,lfrewer2y@npr.org,Male,204.18.27.218
108,Dorey,Hernik,dhernik2z@spotify.com,Male,103.239.92.204
109,Christy,Ekkel,cekkel30@xinhuanet.com,Female,37.244.128.115
110,Gavrielle,Robertshaw,grobertshaw31@ibm.com,Genderfluid,158.143.15.158
111,Emlyn,Hanrott,ehanrott32@tumblr.com,Male,21.180.137.16
112,Arnoldo,Bartholomew,abartholomew33@alibaba.com,Male,50.217.35.113
113,Filberte,Tejero,ftejero34@bbb.org,Male,193.81.148.215
114,Fleurette,Sinclaire,fsinclaire35@pinterest.com,Female,194.180.94.18
115,Rosamond,Gauden,rgauden36@skype.com,Female,32.47.233.123
116,Amalea,Neljes,aneljes37@mlb.com,Bigender,26.79.121.16
117,Rancell,Cornewall,rcornewall38@github.com,Male,230.153.210.193
118,Deonne,Tancock,dtancock39@paginegialle.it,Female,208.127.161.171
119,Heriberto,Penright,hpenright3a@archive.org,Bigender,137.128.33.197
120,Gerhard,Weblin,gweblin3b@oaic.gov.au,Male,203.238.141.107
121,Derk,Donet,ddonet3c@go.com,Male,226.39.143.249
122,Schuyler,Maddrell,smaddrell3d@cornell.edu,Genderqueer,99.27.210.241
123,Baldwin,Oldacre,boldacre3e@artisteer.com,Male,208.165.196.119
124,Row,Lissemore,rlissemore3f@economist.com,Female,101.203.102.244
125,Doralynn,Samworth,dsamworth3g@yellowpages.com,Female,163.86.67.242
126,Seamus,Heyburn,sheyburn3h@hhs.gov,Male,234.55.148.245
127,Piggy,Maccrea,pmaccrea3i@dion.ne.jp,Male,11.71.14.12
128,Pearle,Beller,pbeller3j@dot.gov,Female,34.152.102.133
129,Keith,Trimble,ktrimble3k@va.gov,Male,224.89.63.216
130,Riordan,Sandercock,rsandercock3l@people.com.cn,Male,81.76.142.32
131,Kassey,Antoniazzi,kantoniazzi3m@amazon.de,Female,139.17.113.185
132,Myrtle,Kemwall,mkemwall3n@storify.com,Female,168.70.32.131
133,Carol-jean,Buessen,cbuessen3o@cam.ac.uk,Female,205.225.103.77
134,Fowler,Garaghan,fgaraghan3p@t-online.de,Male,95.7.9.94
135,Egon,Wrack,ewrack3q@seattletimes.com,Male,35.168.246.167
136,Ardith,Sergeant,asergeant3r@biblegateway.com,Female,109.233.46.119
137,Selig,Blindermann,sblindermann3s@google.pl,Male,116.147.248.195
138,Jaquith,Bilovsky,jbilovsky3t@microsoft.com,Female,173.239.175.97
139,Orelle,Ausher,oausher3u@wikimedia.org,Female,160.143.0.50
140,Neille,Listone,nlistone3v@yahoo.co.jp,Female,222.17.161.243
141,Janelle,Pancast,jpancast3w@wiley.com,Female,148.3.177.2
142,Burton,Meriet,bmeriet3x@bigcartel.com,Male,192.211.129.218
143,Nap,Burhouse,nburhouse3y@studiopress.com,Polygender,185.17.87.245
144,Nannette,Anetts,nanetts3z@cyberchimps.com,Female,154.243.157.203
145,Rickard,Johnikin,rjohnikin40@bluehost.com,Male,17.253.120.164
146,Franciska,Cristofano,fcristofano41@arstechnica.com,Female,126.136.178.31
147,Johnny,Gratten,jgratten42@about.com,Male,158.213.224.132
148,Matthiew,Bissiker,mbissiker43@cornell.edu,Male,245.213.6.30
149,Freddy,Selby,fselby44@jigsy.com,Female,223.44.242.167
150,Jessalin,Culkin,jculkin45@purevolume.com,Female,61.160.150.208
151,Lida,Andrez,landrez46@wikia.com,Female,121.42.0.252
152,Judie,Meiklejohn,jmeiklejohn47@shutterfly.com,Female,228.37.255.124
153,Erda,Gledhill,egledhill48@comcast.net,Female,54.54.229.165
154,Teresa,Delves,tdelves49@google.es,Female,129.9.254.119
155,Rollin,Catterson,rcatterson4a@artisteer.com,Male,182.108.224.227
156,Brocky,Denny,bdenny4b@bbb.org,Male,85.45.25.102
157,Rene,Brickhill,rbrickhill4c@oracle.com,Male,120.65.124.85
158,Edd,Widdall,ewiddall4d@addtoany.com,Male,128.239.221.130
159,Ernesto,Sands,esands4e@intel.com,Male,52.189.245.87
160,Holly-anne,Barthelet,hbarthelet4f@artisteer.com,Female,144.173.110.210
161,Pete,Tunuy,ptunuy4g@cbc.ca,Male,7.236.52.71
162,Bradley,Fairs,bfairs4h@independent.co.uk,Male,201.120.216.195
163,Sallie,Pendell,spendell4i@trellian.com,Female,100.138.36.121
164,Newton,Harper,nharper4j@reddit.com,Male,153.41.245.45
165,Cleo,Lancashire,clancashire4k@about.me,Female,41.104.78.140
166,Ida,Hazelden,ihazelden4l@a8.net,Female,241.159.65.34
167,Cull,Dabels,cdabels4m@ted.com,Male,149.102.129.4
168,Delores,Whines,dwhines4n@webeden.co.uk,Female,148.223.199.22
169,Dalis,Sacaze,dsacaze4o@oakley.com,Male,221.53.133.37
170,Dix,Mullane,dmullane4p@businessweek.com,Female,221.246.88.153
171,Evangelia,Addington,eaddington4q@twitter.com,Female,178.247.211.212
172,Armstrong,Dumbleton,adumbleton4r@comsenz.com,Male,73.30.172.209
173,Karalynn,O'Loughlin,koloughlin4s@kickstarter.com,Genderqueer,227.164.129.185
174,Selig,Minett,sminett4t@over-blog.com,Agender,204.52.165.28
175,Symon,Bigg,sbigg4u@ocn.ne.jp,Male,108.126.20.157
176,Kerstin,Timmermann,ktimmermann4v@mapy.cz,Female,60.53.69.82
177,Antonia,Shardlow,ashardlow4w@prlog.org,Genderfluid,204.136.137.150
178,Zacharia,Sinncock,zsinncock4x@wired.com,Male,100.201.235.65
179,Keith,Trousdale,ktrousdale4y@ox.ac.uk,Male,218.248.67.154
180,Bethanne,McGurgan,bmcgurgan4z@gizmodo.com,Female,234.203.226.25
181,Tessi,Beardshall,tbeardshall50@squarespace.com,Female,110.78.222.221
182,Muriel,Erik,merik51@weibo.com,Female,217.211.78.141
183,Georgine,Fluit,gfluit52@eepurl.com,Female,204.186.190.231
184,Lyman,Attenbrow,lattenbrow53@elpais.com,Male,243.204.88.120
185,Janie,Loftus,jloftus54@pagesperso-orange.fr,Female,100.58.249.8
186,Madalyn,Rolf,mrolf55@pinterest.com,Female,205.148.59.69
187,Abbe,McMillan,amcmillan56@umich.edu,Male,29.246.138.233
188,Bo,Cobbold,bcobbold57@people.com.cn,Male,146.81.150.230
189,Tobit,Antonik,tantonik58@so-net.ne.jp,Male,208.229.62.218
190,Keith,Randalston,krandalston59@a8.net,Male,41.101.82.124
191,Nobe,Mighele,nmighele5a@cbslocal.com,Bigender,120.74.66.215
192,Hilario,Zavittieri,hzavittieri5b@cornell.edu,Male,224.17.216.144
193,Rabi,Downing,rdowning5c@cocolog-nifty.com,Male,36.191.54.159
194,Faustina,Scanlan,fscanlan5d@yellowpages.com,Female,104.14.157.2
195,Margaretha,Skyrm,mskyrm5e@intel.com,Female,193.247.205.153
196,Misha,March,mmarch5f@plala.or.jp,Female,136.104.180.221
197,Vittorio,Navaro,vnavaro5g@baidu.com,Male,27.102.170.222
198,Nadeen,Bediss,nbediss5h@webeden.co.uk,Female,25.36.54.210
199,Yorgos,Ishak,yishak5i@umich.edu,Male,137.62.125.78
200,Egor,Ensley,eensley5j@histats.com,Male,240.221.109.81
201,Tirrell,Rowden,trowden5k@ow.ly,Male,95.108.165.34
202,Edythe,Romagnosi,eromagnosi5l@google.pl,Female,46.42.175.170
203,Ewan,Oxborough,eoxborough5m@slideshare.net,Male,204.89.170.202
204,Anderson,Burnes,aburnes5n@washington.edu,Male,188.103.180.95
205,Curtice,Crichmer,ccrichmer5o@aboutads.info,Male,117.120.192.68
206,Joly,Batey,jbatey5p@yolasite.com,Female,8.2.28.1
207,Dmitri,Collecott,dcollecott5q@seesaa.net,Male,173.229.14.220
208,Tann,Cissell,tcissell5r@csmonitor.com,Male,180.41.85.152
209,Regine,Lghan,rlghan5s@ask.com,Female,83.192.227.44
210,Maryanna,Tayspell,mtayspell5t@wordpress.com,Female,24.175.84.15
211,Iorgo,Inwood,iinwood5u@ezinearticles.com,Male,213.46.127.253
212,Nicholas,Canavan,ncanavan5v@sina.com.cn,Male,208.2.184.11
213,Imojean,Jepperson,ijepperson5w@bravesites.com,Female,241.57.87.42
214,Lutero,Oglesbee,loglesbee5x@ow.ly,Male,136.160.50.138
215,Katusha,Brotherhed,kbrotherhed5y@howstuffworks.com,Female,148.69.23.147
216,Cicily,Emsley,cemsley5z@nytimes.com,Polygender,195.136.175.146
217,Dulcea,Krolik,dkrolik60@ftc.gov,Female,38.72.45.50
218,Gawain,Turfus,gturfus61@vinaora.com,Male,244.218.92.22
219,Harlin,Firman,hfirman62@geocities.jp,Male,67.17.16.0
220,Florinda,Joffe,fjoffe63@aol.com,Female,89.188.172.211
221,Cristiano,Toal,ctoal64@theatlantic.com,Male,124.80.73.210
222,Celestine,Robshaw,crobshaw65@scribd.com,Female,85.202.236.61
223,Arny,Bellin,abellin66@scientificamerican.com,Genderqueer,236.102.153.194
224,Wilburt,Okey,wokey67@mtv.com,Male,247.65.248.189
225,Nina,Tommei,ntommei68@uol.com.br,Female,156.59.11.122
226,Leola,Bearne,lbearne69@discovery.com,Female,176.2.0.205
227,Jyoti,Prise,jprise6a@live.com,Female,220.71.217.208
228,Catriona,Blachford,cblachford6b@istockphoto.com,Genderqueer,216.70.43.64
229,Kean,Gonsalvo,kgonsalvo6c@webnode.com,Male,20.240.183.138
230,Lauraine,Witton,lwitton6d@unesco.org,Polygender,176.249.186.190
231,Trent,Blowen,tblowen6e@independent.co.uk,Male,37.184.153.35
232,Thibaud,Brawn,tbrawn6f@ucsd.edu,Male,100.81.32.37
233,Orelle,Tinham,otinham6g@mapy.cz,Genderqueer,198.87.88.25
234,Nichol,Tatnell,ntatnell6h@mtv.com,Female,73.171.238.5
235,Debera,Garr,dgarr6i@upenn.edu,Female,194.36.57.54
236,Erena,Guye,eguye6j@mtv.com,Female,7.167.14.241
237,Laurena,Kelland,lkelland6k@wired.com,Female,126.199.156.106
238,Archambault,Linforth,alinforth6l@miitbeian.gov.cn,Male,64.143.23.93
239,Niel,Cullin,ncullin6m@shareasale.com,Male,218.80.140.19
240,Damiano,Dusting,ddusting6n@vk.com,Male,201.194.79.75
241,Eugenio,Goodread,egoodread6o@cmu.edu,Male,77.241.215.247
242,Krishnah,Mussington,kmussington6p@whitehouse.gov,Male,18.196.233.25
243,Mac,Atlay,matlay6q@time.com,Male,237.248.114.93
244,Giana,Pettet,gpettet6r@hubpages.com,Female,217.41.128.192
245,Patten,Heisham,pheisham6s@dot.gov,Male,146.103.135.49
246,Arnie,MacCollom,amaccollom6t@1688.com,Male,1.223.111.173
247,Tallie,Michael,tmichael6u@mail.ru,Female,73.52.52.82
248,Kristina,Blackshaw,kblackshaw6v@un.org,Genderfluid,78.106.132.248
249,Standford,Pook,spook6w@weibo.com,Male,252.133.40.31
250,Fabio,McCarrell,fmccarrell6x@w3.org,Male,234.14.114.153
251,Chiquita,Wilkerson,cwilkerson6y@berkeley.edu,Female,37.253.221.147
252,Gaultiero,Wescott,gwescott6z@1688.com,Male,50.77.109.191
253,Sibyl,Pennicard,spennicard70@jalbum.net,Male,124.253.102.176
254,Kareem,Benazet,kbenazet71@irs.gov,Male,116.232.145.60
255,Riccardo,Maskelyne,rmaskelyne72@kickstarter.com,Male,221.14.14.223
256,Jessa,Bines,jbines73@blogspot.com,Female,41.223.107.184
257,Carlie,Basillon,cbasillon74@loc.gov,Male,226.11.208.99
258,Katina,Elce,kelce75@xinhuanet.com,Female,45.49.225.28
259,Seward,Kleinplatz,skleinplatz76@smugmug.com,Genderqueer,129.50.21.253
260,Tymon,Mulvihill,tmulvihill77@about.me,Male,44.155.222.180
261,Lorri,Gecks,lgecks78@qq.com,Female,202.175.216.254
262,Tom,Alenichicov,talenichicov79@tiny.cc,Male,210.216.249.91
263,Tomasine,Catchpole,tcatchpole7a@artisteer.com,Female,41.126.4.100
264,Hartwell,Gyer,hgyer7b@omniture.com,Male,73.217.139.220
265,Atlante,McGeraghty,amcgeraghty7c@ucoz.ru,Female,181.183.123.104
266,Bastien,Velte,bvelte7d@umn.edu,Male,196.219.28.34
267,Maitilde,Formie,mformie7e@clickbank.net,Female,29.163.25.5
268,Salli,Courteney,scourteney7f@ibm.com,Genderfluid,241.45.77.152
269,Gayla,Verrick,gverrick7g@ftc.gov,Female,113.39.214.244
270,Osbourne,MacCourt,omaccourt7h@tamu.edu,Male,131.158.119.248
271,Dynah,Hunday,dhunday7i@msn.com,Female,142.4.219.130
272,Hadlee,Moles,hmoles7j@theatlantic.com,Male,115.67.92.37
273,Eugenie,Brookfield,ebrookfield7k@abc.net.au,Female,41.231.64.29
274,Winnie,Tanby,wtanby7l@reddit.com,Male,211.19.103.192
275,Marita,Bailey,mbailey7m@parallels.com,Female,54.252.35.215
276,Anni,Ferran,aferran7n@craigslist.org,Female,3.29.126.178
277,Lucian,Lenton,llenton7o@github.com,Male,144.138.199.64
278,Janeva,O'Teague,joteague7p@eepurl.com,Female,249.82.199.25
279,Ambrosi,Marden,amarden7q@slideshare.net,Male,118.99.188.192
280,Billie,Cornick,bcornick7r@yandex.ru,Female,192.231.154.231
281,Silvie,Sussans,ssussans7s@imageshack.us,Female,145.250.81.6
282,Panchito,MacInnes,pmacinnes7t@newyorker.com,Genderqueer,62.145.93.57
283,Grenville,Faux,gfaux7u@elegantthemes.com,Male,179.87.158.194
284,Fancie,Sherebrook,fsherebrook7v@reference.com,Female,164.145.57.25
285,Marlena,MacCahey,mmaccahey7w@mlb.com,Female,25.222.86.160
286,Rex,O'Glessane,roglessane7x@behance.net,Male,244.44.105.236
287,Stacy,Biggam,sbiggam7y@weather.com,Male,103.149.80.106
288,Philly,Crompton,pcrompton7z@ebay.co.uk,Female,57.182.188.156
289,Ambrose,Rabson,arabson80@cnbc.com,Bigender,20.184.8.141
290,Luella,Cummings,lcummings81@hud.gov,Female,252.75.189.89
291,Adi,MacNab,amacnab82@wiley.com,Female,205.91.62.42
292,Celinka,Legendre,clegendre83@sciencedirect.com,Female,83.235.30.206
293,Patrizius,Reicharz,preicharz84@wikia.com,Male,199.70.204.74
294,Kimberlyn,Absalom,kabsalom85@posterous.com,Female,137.36.14.62
295,Carmina,Joblin,cjoblin86@pinterest.com,Female,164.91.159.136
296,Doe,Chomicz,dchomicz87@last.fm,Female,216.48.17.58
297,Margaretha,Haggith,mhaggith88@utexas.edu,Female,109.231.0.16
298,Caryl,Harmer,charmer89@nationalgeographic.com,Female,37.11.237.138
299,Misty,Blomefield,mblomefield8a@myspace.com,Female,61.157.65.224
300,Vladamir,Dumphry,vdumphry8b@aol.com,Male,144.209.38.243
301,Holly,Bettley,hbettley8c@indiegogo.com,Male,76.29.157.163
302,Darin,Tomkinson,dtomkinson8d@engadget.com,Male,133.62.167.75
303,Allard,Sommer,asommer8e@columbia.edu,Male,74.194.129.10
304,Dolph,Caddies,dcaddies8f@ucsd.edu,Male,52.55.62.132
305,Elbertine,Filisov,efilisov8g@creativecommons.org,Agender,102.240.185.177
306,Carey,Orteu,corteu8h@nba.com,Male,151.147.119.73
307,Dall,MacKim,dmackim8i@nba.com,Male,93.120.85.175
308,Cass,Langan,clangan8j@artisteer.com,Female,239.128.122.142
309,Bill,Ackerman,backerman8k@icio.us,Male,139.186.110.35
310,Barr,Ivimy,bivimy8l@tripod.com,Male,47.151.6.165
311,Mallorie,Josephov,mjosephov8m@wired.com,Female,57.46.50.186
312,Marguerite,Helder,mhelder8n@networksolutions.com,Female,48.82.54.128
313,Hamlen,Kumar,hkumar8o@creativecommons.org,Bigender,212.222.195.155
314,Derwin,Inkster,dinkster8p@google.de,Male,123.100.221.36
315,Dave,Inworth,dinworth8q@wordpress.com,Male,184.238.37.102
316,Glenden,Lilliman,glilliman8r@xing.com,Male,151.132.25.57
317,Mitch,Sprigging,msprigging8s@4shared.com,Male,55.135.93.103
318,Steffen,Crisall,scrisall8t@sogou.com,Male,183.232.170.159
319,Federica,Daice,fdaice8u@deliciousdays.com,Female,116.3.214.203
320,Charisse,Grishechkin,cgrishechkin8v@macromedia.com,Female,59.12.249.210
321,Jackson,Andress,jandress8w@xrea.com,Male,61.130.90.189
322,Babara,Blune,bblune8x@posterous.com,Female,64.204.85.153
323,Wilmar,Edgell,wedgell8y@slideshare.net,Male,22.169.27.183
324,Petronilla,Brute,pbrute8z@businessweek.com,Female,195.210.134.138
325,Karleen,Gurry,kgurry90@quantcast.com,Female,232.229.99.47
326,Dorella,Putson,dputson91@paginegialle.it,Female,116.191.111.196
327,Hercule,Scrace,hscrace92@linkedin.com,Male,52.197.243.224
328,Jeffrey,Cherm,jcherm93@canalblog.com,Male,35.59.100.187
329,Deloris,Freear,dfreear94@jigsy.com,Female,84.199.249.154
330,Tamarah,Sissens,tsissens95@bandcamp.com,Female,25.228.236.1
331,Christopher,Curtis,ccurtis96@usnews.com,Male,91.189.85.216
332,Anthiathia,Capinetti,acapinetti97@yandex.ru,Female,13.139.118.116
333,Robin,Lydden,rlydden98@unblog.fr,Male,84.68.189.73
334,Feliza,Duff,fduff99@ucoz.ru,Female,108.48.238.154
335,Jorrie,Ottewill,jottewill9a@umn.edu,Female,82.11.203.163
336,Madelon,Sallinger,msallinger9b@mayoclinic.com,Female,117.195.98.22
337,Dyann,Mate,dmate9c@edublogs.org,Female,250.22.238.228
338,Lorine,Gridley,lgridley9d@unc.edu,Agender,108.214.146.32
339,Chaunce,Vidler,cvidler9e@cmu.edu,Male,89.215.175.247
340,Balduin,Gaythwaite,bgaythwaite9f@tripadvisor.com,Male,205.2.224.32
341,Heida,Muncie,hmuncie9g@alexa.com,Female,190.235.173.168
342,Derwin,Hammand,dhammand9h@networksolutions.com,Male,170.46.122.238
343,Melosa,Dolman,mdolman9i@twitter.com,Female,248.199.32.151
344,Donnie,Filipyev,dfilipyev9j@cdbaby.com,Male,213.151.170.13
345,Thorn,Fairnington,tfairnington9k@quantcast.com,Male,226.11.46.121
346,Rowney,Boatwright,rboatwright9l@about.com,Male,17.161.74.216
347,Marga,Hulke,mhulke9m@cdbaby.com,Female,197.40.144.16
348,Noreen,Cawsey,ncawsey9n@g.co,Female,77.210.148.37
349,Annecorinne,Hlavecek,ahlavecek9o@skyrock.com,Female,134.111.26.215
350,Rici,Kobisch,rkobisch9p@gov.uk,Female,216.222.250.215
351,Koenraad,Malster,kmalster9q@craigslist.org,Male,227.170.255.32
352,Deidre,Reditt,dreditt9r@amazon.co.uk,Non-binary,102.138.189.204
353,Erica,Hayball,ehayball9s@symantec.com,Genderqueer,246.159.252.28
354,Brose,Poulney,bpoulney9t@furl.net,Male,230.73.239.46
355,Jecho,Hestrop,jhestrop9u@facebook.com,Male,241.5.29.36
356,Herminia,Issacof,hissacof9v@storify.com,Female,86.194.81.145
357,Dolorita,Steels,dsteels9w@networksolutions.com,Female,116.108.66.147
358,Stirling,Treves,streves9x@census.gov,Male,166.94.16.14
359,Gayla,Ishaki,gishaki9y@pen.io,Female,124.225.10.140
360,Debor,MacDonagh,dmacdonagh9z@skype.com,Female,236.183.202.72
361,Elka,Aronsohn,earonsohna0@gizmodo.com,Female,73.39.214.13
362,Melosa,Gepp,mgeppa1@over-blog.com,Female,149.234.234.102
363,Saleem,Filippello,sfilippelloa2@mapy.cz,Male,163.186.82.35
364,Valerie,Scammell,vscammella3@cpanel.net,Female,4.32.95.155
365,Nicki,Chaman,nchamana4@paginegialle.it,Female,207.63.25.58
366,Barbette,Linturn,blinturna5@homestead.com,Female,214.30.66.206
367,Flor,Rumney,frumneya6@microsoft.com,Genderqueer,228.151.160.94
368,Merry,Lindermann,mlindermanna7@chronoengine.com,Female,63.189.119.0
369,Ulrich,Arnot,uarnota8@ca.gov,Male,19.65.215.24
370,Ally,Braim,abraima9@bigcartel.com,Polygender,212.202.34.181
371,Verney,Berfoot,vberfootaa@nyu.edu,Male,140.147.153.89
372,Germayne,Catlow,gcatlowab@goo.ne.jp,Male,179.27.200.92
373,Cherri,Shevlin,cshevlinac@discovery.com,Female,83.42.168.22
374,Robby,Ardley,rardleyad@ucoz.ru,Female,8.76.194.14
375,Jerry,Gillopp,jgilloppae@cbslocal.com,Male,76.21.66.139
376,Mathian,Denzey,mdenzeyaf@epa.gov,Male,214.166.239.99
377,Maureene,Olland,mollandag@jalbum.net,Female,156.143.110.21
378,Genvieve,Chessor,gchessorah@hud.gov,Female,225.83.37.246
379,Redford,Fleckness,rflecknessai@techcrunch.com,Male,139.241.75.72
380,Brinn,Donaway,bdonawayaj@businessweek.com,Female,73.33.249.197
381,Eleanora,Decaze,edecazeak@storify.com,Female,28.138.144.194
382,Christy,Takos,ctakosal@theatlantic.com,Female,71.197.107.64
383,Jo,Carefull,jcarefullam@ebay.co.uk,Female,147.235.49.135
384,Nathanil,Bartunek,nbartunekan@gizmodo.com,Male,13.27.243.117
385,Daniele,Durdle,ddurdleao@washington.edu,Female,167.140.190.53
386,Waylon,Brien,wbrienap@dot.gov,Male,90.51.247.49
387,Rozelle,Hatherall,rhatherallaq@4shared.com,Female,111.56.175.238
388,Aldridge,Barrand,abarrandar@com.com,Bigender,212.188.192.246
389,Nana,Malins,nmalinsas@amazonaws.com,Female,136.23.106.218
390,Leonard,Guinan,lguinanat@chron.com,Male,37.40.87.223
391,Kenna,Fairbanks,kfairbanksau@surveymonkey.com,Bigender,79.57.140.193
392,Mersey,Dorrance,mdorranceav@flavors.me,Female,238.3.104.126
393,Letitia,Alessandretti,lalessandrettiaw@businesswire.com,Non-binary,147.65.138.76
394,Lars,Eaken,leakenax@army.mil,Male,48.87.210.18
395,Ronda,Grayshan,rgrayshanay@msn.com,Female,8.64.196.43
396,Alidia,Emig,aemigaz@weebly.com,Polygender,108.203.74.174
397,Sid,Fould,sfouldb0@tumblr.com,Male,116.163.188.154
398,Eulalie,Naerup,enaerupb1@dion.ne.jp,Female,26.219.251.79
399,Guendolen,Epsly,gepslyb2@tripadvisor.com,Female,74.176.78.50
400,Wakefield,Dutnall,wdutnallb3@de.vu,Male,169.46.210.179
401,Dela,Greenleaf,dgreenleafb4@buzzfeed.com,Female,168.203.177.30
402,Zebulen,Jewitt,zjewittb5@epa.gov,Male,192.125.98.67
403,Nicolina,Delucia,ndeluciab6@arstechnica.com,Female,77.224.180.53
404,Cody,Waple,cwapleb7@reverbnation.com,Female,243.53.50.99
405,Curr,Ions,cionsb8@ustream.tv,Male,15.240.116.141
406,Denis,Buxam,dbuxamb9@nationalgeographic.com,Male,62.117.121.193
407,Mord,Pennigar,mpennigarba@sciencedirect.com,Male,29.84.222.197
408,Waly,Belk,wbelkbb@smh.com.au,Agender,197.148.100.243
409,Susanne,Hearn,shearnbc@unc.edu,Female,60.72.171.162
410,Max,Camier,mcamierbd@wikispaces.com,Male,218.71.136.156
411,Duff,Lukas,dlukasbe@nytimes.com,Male,51.19.42.172
412,Sylvia,Mulqueen,smulqueenbf@intel.com,Female,234.238.120.141
413,Baily,Berens,bberensbg@chronoengine.com,Male,77.135.137.110
414,Kristy,Kinleyside,kkinleysidebh@umn.edu,Genderqueer,1.255.19.196
415,Gray,McAless,gmcalessbi@apache.org,Genderfluid,184.102.94.10
416,Randie,Alpes,ralpesbj@who.int,Male,151.12.163.45
417,Krystalle,Macenzy,kmacenzybk@deliciousdays.com,Female,111.91.90.120
418,Hedvige,Davio,hdaviobl@cornell.edu,Female,203.252.179.20
419,Hamid,Gillanders,hgillandersbm@mac.com,Male,80.122.44.190
420,Nevil,Bremmer,nbremmerbn@vkontakte.ru,Male,176.103.113.231
421,Seward,Valsler,svalslerbo@livejournal.com,Male,54.105.166.240
422,Merrel,Desson,mdessonbp@blogtalkradio.com,Male,201.248.70.184
423,Violette,Bedburrow,vbedburrowbq@europa.eu,Genderqueer,146.29.73.117
424,Marylou,Quakley,mquakleybr@xrea.com,Female,195.118.149.222
425,Misha,Cage,mcagebs@jimdo.com,Female,162.187.141.60
426,Nicola,Dmitrovic,ndmitrovicbt@sun.com,Female,16.184.129.126
427,Garland,Haggerstone,ghaggerstonebu@go.com,Female,59.147.42.133
428,Brandy,Kinnar,bkinnarbv@dot.gov,Female,101.211.121.183
429,Jonis,Varley,jvarleybw@over-blog.com,Female,38.233.18.246
430,Ariel,McWhinnie,amcwhinniebx@weibo.com,Male,173.247.252.212
431,Dillon,Botte,dbotteby@symantec.com,Male,41.122.67.143
432,Ivy,Parmer,iparmerbz@slate.com,Female,135.47.230.41
433,Aeriel,Piller,apillerc0@tumblr.com,Female,156.32.66.188
434,Perice,Flew,pflewc1@twitpic.com,Male,60.40.227.147
435,Sibby,Bims,sbimsc2@rakuten.co.jp,Female,33.106.214.3
436,Bobbye,Klimschak,bklimschakc3@instagram.com,Female,46.33.146.73
437,Quintina,Ashelford,qashelfordc4@skyrock.com,Female,52.132.39.35
438,Peggy,Elcom,pelcomc5@twitter.com,Female,254.164.242.139
439,Pamella,Joss,pjossc6@simplemachines.org,Female,131.141.251.173
440,Kent,Beaty,kbeatyc7@cargocollective.com,Male,196.202.203.80
441,Mel,Blodgetts,mblodgettsc8@twitter.com,Female,153.244.126.135
442,Beatrix,Costard,bcostardc9@com.com,Female,63.223.197.247
443,Sauveur,Lammiman,slammimanca@rakuten.co.jp,Male,178.21.249.217
444,Monti,Feechan,mfeechancb@dagondesign.com,Male,89.180.148.3
445,Tully,Foulger,tfoulgercc@icq.com,Male,168.177.112.21
446,Daveta,Ockleshaw,dockleshawcd@alibaba.com,Agender,88.221.101.83
447,Gerhardt,Boosey,gbooseyce@bigcartel.com,Male,50.123.163.107
448,Brana,Oliphant,boliphantcf@si.edu,Female,137.63.66.98
449,Kala,Mawdsley,kmawdsleycg@sciencedirect.com,Female,165.199.24.191
450,Ailina,Veracruysse,averacruyssech@irs.gov,Female,139.33.36.96
451,Tiffi,Tiron,ttironci@wufoo.com,Female,135.181.165.111
452,Tymothy,Gaspar,tgasparcj@telegraph.co.uk,Male,74.33.243.5
453,Marielle,Stonebridge,mstonebridgeck@slashdot.org,Female,253.165.163.97
454,Berry,Sedgeworth,bsedgeworthcl@people.com.cn,Female,144.29.106.162
455,Lissy,Cosgrove,lcosgrovecm@apple.com,Female,113.226.21.7
456,Ransell,Gerrelts,rgerreltscn@webeden.co.uk,Genderfluid,170.245.142.131
457,Richy,Earthfield,rearthfieldco@pagesperso-orange.fr,Male,182.228.105.4
458,Ophelia,Hyatt,ohyattcp@unblog.fr,Female,20.109.50.164
459,Shaina,Geistbeck,sgeistbeckcq@livejournal.com,Female,88.48.246.3
460,Barris,Pelzer,bpelzercr@boston.com,Male,28.21.0.71
461,Helene,Loughran,hloughrancs@addthis.com,Female,38.106.85.91
462,Marti,Auld,mauldct@trellian.com,Female,214.5.33.45
463,Erma,Frany,efranycu@github.com,Female,246.5.157.104
464,Eudora,Benmore,ebenmorecv@exblog.jp,Female,155.101.103.213
465,Aylmer,Simmell,asimmellcw@google.ru,Male,32.240.110.39
466,Ivar,Sailor,isailorcx@slashdot.org,Male,57.122.6.92
467,Raynor,Floris,rfloriscy@businessweek.com,Male,3.147.248.152
468,Halsy,Click,hclickcz@wsj.com,Male,41.251.36.114
469,Chelsey,Ackenhead,cackenheadd0@huffingtonpost.com,Female,14.91.40.106
470,Hesther,Hazelton,hhazeltond1@intel.com,Female,111.199.99.33
471,Bryce,Sandall,bsandalld2@xing.com,Male,109.255.107.143
472,Dion,Northbridge,dnorthbridged3@examiner.com,Male,96.109.204.51
473,Chan,Hebborne,chebborned4@de.vu,Male,56.6.193.101
474,Zolly,Lante,zlanted5@opera.com,Male,25.161.60.102
475,Hymie,Boddam,hboddamd6@constantcontact.com,Male,174.32.162.118
476,Bobbye,Baniard,bbaniardd7@ucoz.ru,Female,138.1.151.188
477,Karrie,Petchey,kpetcheyd8@youku.com,Non-binary,128.102.22.202
478,Gunner,Snowling,gsnowlingd9@ucla.edu,Male,142.37.146.254
479,Bernie,Sainsbury,bsainsburyda@weibo.com,Male,24.225.169.63
480,Diego,McGurk,dmcgurkdb@paypal.com,Male,224.202.120.208
481,Roxanne,Yancey,ryanceydc@omniture.com,Female,198.125.120.211
482,Weidar,Mallinar,wmallinardd@squidoo.com,Genderqueer,203.220.7.112
483,Annabela,Storror,astorrorde@cdbaby.com,Female,69.178.175.54
484,Petronille,Chesman,pchesmandf@ox.ac.uk,Female,125.117.180.11
485,Estevan,Mussett,emussettdg@ow.ly,Male,240.96.114.91
486,Eolanda,Winsley,ewinsleydh@tiny.cc,Bigender,63.40.244.219
487,Corey,Coyne,ccoynedi@aboutads.info,Male,50.74.231.147
488,Danell,Drabble,ddrabbledj@bing.com,Female,240.99.141.90
489,Nonie,Shillabeare,nshillabearedk@nbcnews.com,Female,251.57.82.200
490,Nelly,Lampel,nlampeldl@alibaba.com,Polygender,181.1.186.182
491,Nicol,Rembaud,nrembauddm@twitpic.com,Female,53.138.111.200
492,Augusta,Naptin,anaptindn@themeforest.net,Female,141.159.174.118
493,Robinetta,Guerriero,rguerrierodo@elpais.com,Female,157.33.247.99
494,Dorisa,Eyles,deylesdp@so-net.ne.jp,Female,255.233.45.119
495,Hugues,Shrigley,hshrigleydq@epa.gov,Male,133.182.189.140
496,Scarlet,McTrusty,smctrustydr@fotki.com,Female,103.148.16.234
497,Arlie,Tinsey,atinseyds@webmd.com,Female,0.43.133.33
498,Ann,Duggon,aduggondt@squidoo.com,Female,51.119.50.133
499,Torry,Bilson,tbilsondu@irs.gov,Male,111.121.32.232
500,Seth,Labes,slabesdv@smh.com.au,Male,252.186.198.66
501,Gerianna,Bygrave,gbygravedw@ox.ac.uk,Female,98.159.222.199
502,Sibbie,Kauschke,skauschkedx@shutterfly.com,Female,222.147.177.165
503,Erie,Murkus,emurkusdy@flickr.com,Male,189.59.231.0
504,Consuela,De Domenico,cdedomenicodz@dell.com,Genderqueer,89.12.126.129
505,Phyllida,Tebbitt,ptebbitte0@yale.edu,Female,110.122.240.251
506,Wendy,Torrese,wtorresee1@blinklist.com,Female,48.111.210.181
507,Megen,Balcers,mbalcerse2@i2i.jp,Female,108.41.85.221
508,Charley,Workes,cworkese3@webeden.co.uk,Male,57.248.140.183
509,Shanta,Cess,scesse4@qq.com,Female,106.148.230.99
510,Cornell,Golagley,cgolagleye5@photobucket.com,Male,91.75.11.41
511,Lesya,Tsar,ltsare6@telegraph.co.uk,Female,147.46.4.82
512,Anjanette,Puffett,apuffette7@tiny.cc,Female,158.115.45.198
513,Foss,Roscoe,froscoee8@jigsy.com,Male,173.100.156.147
514,Gaston,Paolacci,gpaolaccie9@google.cn,Male,70.113.140.252
515,Dorey,Marrian,dmarrianea@mozilla.org,Female,102.77.89.94
516,Barrett,Doig,bdoigeb@state.tx.us,Non-binary,105.189.255.1
517,Arin,MacEntee,amacenteeec@nifty.com,Male,113.116.2.209
518,Fields,Wimmer,fwimmered@multiply.com,Male,232.179.186.36
519,Glynn,Neward,gnewardee@yandex.ru,Male,95.49.192.35
520,Lindon,Dory,ldoryef@dion.ne.jp,Male,194.244.27.237
521,Bonni,Cuddehay,bcuddehayeg@amazon.de,Female,145.98.244.36
522,Opaline,Dealtry,odealtryeh@shutterfly.com,Female,59.134.107.28
523,Ludvig,Williment,lwillimentei@guardian.co.uk,Male,82.15.1.8
524,Uriel,Olver,uolverej@narod.ru,Male,78.199.194.13
525,Jessamyn,La Batie,jlabatieek@dot.gov,Female,70.151.154.193
526,Nicholas,Jentle,njentleel@chicagotribune.com,Male,204.239.110.96
527,Kirsten,Taborre,ktaborreem@bloglines.com,Female,43.119.176.117
528,Adora,Haville,ahavilleen@dailymotion.com,Female,4.192.75.67
529,Mose,Rewbottom,mrewbottomeo@so-net.ne.jp,Male,164.214.76.161
530,Darya,Guinness,dguinnessep@homestead.com,Female,152.46.240.103
531,Chalmers,Mingay,cmingayeq@weebly.com,Male,126.174.108.182
532,Verna,Whimp,vwhimper@g.co,Female,105.164.222.161
533,Evanne,Hoyte,ehoytees@dell.com,Agender,185.160.101.49
534,Dorry,Maloney,dmaloneyet@comcast.net,Female,245.226.168.108
535,Stafford,Faulconbridge,sfaulconbridgeeu@weibo.com,Male,179.100.168.101
536,Ellissa,Marrill,emarrillev@zdnet.com,Female,38.36.18.60
537,Analise,Humbie,ahumbieew@samsung.com,Female,135.153.249.189
538,Eulalie,Fallon,efallonex@businessweek.com,Female,38.175.133.160
539,Ragnar,Kneaphsey,rkneaphseyey@creativecommons.org,Male,102.203.178.22
540,Jorgan,Bernhardsson,jbernhardssonez@imgur.com,Male,208.38.8.11
541,Laughton,Saxon,lsaxonf0@canalblog.com,Male,218.216.74.177
542,Tracie,Laible,tlaiblef1@prnewswire.com,Male,164.143.157.237
543,Ladonna,Rosenstengel,lrosenstengelf2@elpais.com,Female,176.112.156.119
544,Valdemar,Englishby,venglishbyf3@163.com,Male,9.88.36.44
545,Talbot,Chessil,tchessilf4@is.gd,Male,9.94.162.117
546,Sadie,Bridal,sbridalf5@ning.com,Female,84.199.158.100
547,Gustave,Tuffley,gtuffleyf6@illinois.edu,Male,130.69.228.181
548,Daniel,Hamnet,dhamnetf7@google.cn,Male,186.109.74.125
549,Alain,Petren,apetrenf8@tamu.edu,Male,110.83.109.41
550,Nerte,Blackbrough,nblackbroughf9@smugmug.com,Female,50.26.38.7
551,Tedra,Pearmine,tpearminefa@is.gd,Female,107.58.23.47
552,Mabelle,Godding,mgoddingfb@unicef.org,Female,181.156.192.215
553,Pris,Girardin,pgirardinfc@craigslist.org,Female,234.220.103.39
554,Kylila,Loblie,klobliefd@mapquest.com,Female,158.135.13.81
555,Brent,Strainge,bstraingefe@infoseek.co.jp,Male,112.192.242.148
556,Amabel,Rosenstiel,arosenstielff@dailymotion.com,Female,15.32.46.30
557,Shawn,Ripley,sripleyfg@oaic.gov.au,Agender,32.83.155.99
558,Johnette,Orbon,jorbonfh@ihg.com,Female,41.99.105.34
559,Julio,Jorissen,jjorissenfi@newyorker.com,Male,248.187.178.66
560,Clerkclaude,Mighele,cmighelefj@geocities.jp,Genderqueer,177.36.56.160
561,Algernon,Gilyott,agilyottfk@businesswire.com,Male,244.8.26.92
562,Maryellen,Gare,mgarefl@furl.net,Female,112.138.182.62
563,Allx,Hark,aharkfm@netlog.com,Female,90.235.200.210
564,Man,O'Dyvoy,modyvoyfn@cdbaby.com,Male,1.6.103.186
565,Cornelia,Conaghy,cconaghyfo@exblog.jp,Female,204.128.184.239
566,Lilith,Hearne,lhearnefp@g.co,Bigender,186.190.100.36
567,Godwin,Fursland,gfurslandfq@slideshare.net,Male,132.197.44.141
568,Alexandr,Labeuil,alabeuilfr@google.it,Bigender,121.53.20.98
569,Wendall,McNelly,wmcnellyfs@mashable.com,Male,69.146.196.229
570,Jephthah,Chance,jchanceft@state.gov,Male,244.58.224.207
571,Madelene,Mossman,mmossmanfu@simplemachines.org,Female,229.118.86.53
572,Saloma,Caswall,scaswallfv@liveinternet.ru,Female,114.6.29.120
573,Dilan,Olsson,dolssonfw@kickstarter.com,Genderfluid,24.156.255.63
574,Ricky,Sydenham,rsydenhamfx@360.cn,Male,69.45.203.62
575,Myrtice,Wasielewicz,mwasielewiczfy@harvard.edu,Female,21.196.197.7
576,Pepita,Geach,pgeachfz@huffingtonpost.com,Female,181.111.28.169
577,Brit,Clac,bclacg0@shutterfly.com,Female,241.159.183.48
578,Marten,Enterle,menterleg1@thetimes.co.uk,Male,169.56.33.38
579,Loree,Casaccia,lcasacciag2@house.gov,Female,203.133.184.221
580,Abbott,Laurenzi,alaurenzig3@salon.com,Male,85.20.246.105
581,Angele,Prujean,aprujeang4@squidoo.com,Female,5.191.143.166
582,Garvin,Gozzett,ggozzettg5@qq.com,Male,220.179.165.178
583,Pietrek,Scimone,pscimoneg6@mysql.com,Male,255.198.249.249
584,Sigismondo,Peyzer,speyzerg7@buzzfeed.com,Male,52.128.113.207
585,Antonie,Scouse,ascouseg8@bravesites.com,Female,210.168.144.173
586,Tremain,Challicum,tchallicumg9@cam.ac.uk,Male,223.91.240.239
587,Sayres,Karolczyk,skarolczykga@freewebs.com,Male,159.188.200.64
588,Mariel,Fairhead,mfairheadgb@fotki.com,Female,131.228.175.133
589,Fredrika,O' Ronan,foronangc@hp.com,Female,250.107.44.227
590,Lynn,Klagges,lklaggesgd@t-online.de,Female,248.63.52.240
591,Archy,Dowtry,adowtryge@bizjournals.com,Male,95.122.101.114
592,Brooke,Dutton,bduttongf@sina.com.cn,Agender,43.153.47.147
593,Dennet,McCauley,dmccauleygg@ca.gov,Male,241.185.75.122
594,Laetitia,Pantone,lpantonegh@ocn.ne.jp,Female,208.205.84.9
595,Yevette,Cassam,ycassamgi@biglobe.ne.jp,Female,105.224.41.143
596,Clarance,Turtle,cturtlegj@house.gov,Male,148.245.228.86
597,Alberik,Spong,asponggk@state.tx.us,Male,116.178.123.82
598,Cyrus,Tuft,ctuftgl@mysql.com,Male,227.93.144.173
599,Garfield,Edelheid,gedelheidgm@cargocollective.com,Male,32.63.115.139
600,Donetta,Blankenship,dblankenshipgn@ebay.com,Female,45.74.211.137
601,Florinda,Avesque,favesquego@sohu.com,Genderqueer,181.46.133.137
602,Helenka,Sudran,hsudrangp@booking.com,Female,58.207.136.147
603,Thomasin,Grinnikov,tgrinnikovgq@gnu.org,Female,249.214.163.115
604,Analise,Grassett,agrassettgr@1und1.de,Female,203.126.132.228
605,Teena,Pirelli,tpirelligs@chicagotribune.com,Female,20.147.165.40
606,Jermain,Farahar,jfarahargt@blogger.com,Male,132.76.0.235
607,Dulciana,Sevitt,dsevittgu@pbs.org,Female,246.1.78.232
608,Thomasa,MacCook,tmaccookgv@nba.com,Female,234.161.168.173
609,Hyman,Sacker,hsackergw@netvibes.com,Genderfluid,153.198.72.32
610,Pierrette,Causby,pcausbygx@netscape.com,Female,144.172.131.73
611,Traver,Kenewell,tkenewellgy@ca.gov,Male,130.80.143.193
612,Travis,Peasegod,tpeasegodgz@prnewswire.com,Male,211.143.131.54
613,Flo,Hollow,fhollowh0@over-blog.com,Female,101.37.176.107
614,Lorens,Hartnell,lhartnellh1@ow.ly,Male,153.193.173.125
615,Ky,Mant,kmanth2@yahoo.com,Male,228.250.82.173
616,Olin,Trudgeon,otrudgeonh3@elpais.com,Male,181.8.145.126
617,Gawain,Lemmon,glemmonh4@sina.com.cn,Male,109.102.236.203
618,Gregor,Seid,gseidh5@taobao.com,Male,224.247.59.192
619,Cammie,Cerith,ccerithh6@dyndns.org,Female,175.43.155.212
620,Sheff,Hackett,shacketth7@skyrock.com,Male,161.199.208.78
621,Nissy,Zanuciolii,nzanucioliih8@nba.com,Female,237.55.29.100
622,Stacy,Boise,sboiseh9@flavors.me,Female,112.95.50.152
623,Brose,Tiddeman,btiddemanha@sitemeter.com,Male,195.215.230.198
624,Kurt,Beesley,kbeesleyhb@devhub.com,Male,41.167.37.177
625,Raviv,Pregel,rpregelhc@odnoklassniki.ru,Male,99.221.226.130
626,Idalia,Bein,ibeinhd@unicef.org,Female,44.83.156.120
627,Phillida,Ninnoli,pninnolihe@wired.com,Female,222.134.117.131
628,Bronny,Vondrach,bvondrachhf@bizjournals.com,Male,38.92.104.255
629,Kaila,McRinn,kmcrinnhg@topsy.com,Female,63.204.136.147
630,Jewell,Reames,jreameshh@tumblr.com,Female,67.60.63.115
631,Kaylee,Izen,kizenhi@nasa.gov,Female,88.188.250.220
632,Karlene,Clerk,kclerkhj@chronoengine.com,Female,215.17.202.57
633,Hilary,Spafford,hspaffordhk@bravesites.com,Male,103.221.194.108
634,Stafani,Greeno,sgreenohl@dion.ne.jp,Female,72.8.178.5
635,Corrinne,Rollinshaw,crollinshawhm@blog.com,Female,238.112.226.148
636,Seward,Rubinfeld,srubinfeldhn@naver.com,Male,236.81.29.210
637,Teddie,Livingstone,tlivingstoneho@seattletimes.com,Genderqueer,124.174.106.241
638,Orv,Le Blanc,oleblanchp@mlb.com,Male,13.24.35.42
639,Perri,Campana,pcampanahq@mapy.cz,Female,246.162.204.192
640,Florida,Blondin,fblondinhr@webs.com,Female,33.124.85.14
641,Melisa,Stallan,mstallanhs@google.com.au,Female,191.230.14.15
642,Barr,Rolland,brollandht@storify.com,Male,120.94.129.69
643,Tish,McGinnis,tmcginnishu@ft.com,Genderfluid,228.155.8.224
644,Gearalt,Rodger,grodgerhv@house.gov,Male,240.155.94.116
645,Ethelin,Duplock,eduplockhw@linkedin.com,Female,199.223.147.203
646,Carlynn,Klimas,cklimashx@imageshack.us,Female,244.253.190.201
647,Betteanne,Anthon,banthonhy@webmd.com,Female,10.239.219.144
648,Terri,Fursey,tfurseyhz@geocities.com,Male,12.231.150.65
649,Doug,Marriot,dmarrioti0@forbes.com,Male,44.117.56.169
650,Shep,Bartozzi,sbartozzii1@mediafire.com,Male,60.188.2.38
651,Donelle,Brasier,dbrasieri2@fastcompany.com,Female,62.239.249.58
652,Link,Sloam,lsloami3@cdbaby.com,Male,24.193.187.195
653,Sig,Click,sclicki4@time.com,Male,35.164.248.87
654,Julio,Windaybank,jwindaybanki5@huffingtonpost.com,Male,153.243.128.225
655,Eden,Perin,eperini6@marriott.com,Female,12.121.170.164
656,Rollin,Malan,rmalani7@meetup.com,Male,158.78.216.175
657,Herbert,Chiommienti,hchiommientii8@sohu.com,Male,62.172.60.234
658,Crista,Berntssen,cberntsseni9@ameblo.jp,Female,237.179.234.101
659,Angy,Ternott,aternottia@opera.com,Female,167.192.168.86
660,Maria,Yerson,myersonib@opensource.org,Female,140.197.231.144
661,Kali,Fermoy,kfermoyic@wikimedia.org,Female,133.196.7.132
662,Kelcie,Povah,kpovahid@delicious.com,Female,65.248.246.69
663,Irving,Matuszinski,imatuszinskiie@businessweek.com,Male,4.167.59.195
664,Katie,Bowyer,kbowyerif@bing.com,Female,150.84.145.165
665,Bernie,Ziem,bziemig@yellowpages.com,Male,4.235.70.181
666,Molly,Cosbee,mcosbeeih@google.it,Female,197.98.1.91
667,Darrin,Zincke,dzinckeii@behance.net,Male,236.241.232.156
668,Pamela,Buckoke,pbuckokeij@chron.com,Female,124.201.186.141
669,Peg,Bompass,pbompassik@scientificamerican.com,Female,165.39.77.84
670,Aleta,Rown,arownil@boston.com,Female,42.90.110.118
671,Christal,Matkin,cmatkinim@instagram.com,Agender,79.175.132.26
672,Alvie,Nolan,anolanin@icq.com,Genderqueer,122.176.170.223
673,Mireille,Francescone,mfrancesconeio@ihg.com,Female,225.240.54.212
674,Agathe,Synder,asynderip@hp.com,Female,170.83.105.15
675,Ashton,Hegarty,ahegartyiq@php.net,Male,200.37.53.8
676,Ginnifer,Kurtis,gkurtisir@cbslocal.com,Bigender,206.145.171.43
677,Ralf,Flucks,rflucksis@multiply.com,Male,170.236.123.229
678,Jobyna,Masi,jmasiit@vistaprint.com,Female,28.5.51.165
679,Adela,Stallybrass,astallybrassiu@fc2.com,Genderqueer,51.122.174.212
680,Carley,Gittings,cgittingsiv@nymag.com,Female,1.0.72.30
681,Mile,Hessay,mhessayiw@marriott.com,Male,164.195.10.68
682,Marj,Lewis,mlewisix@rediff.com,Female,67.233.76.30
683,Morie,Rigate,mrigateiy@utexas.edu,Male,95.212.215.160
684,Andi,Barbie,abarbieiz@people.com.cn,Female,162.205.12.124
685,Sutton,Ladewig,sladewigj0@constantcontact.com,Male,234.227.82.180
686,Alix,Crossingham,acrossinghamj1@etsy.com,Male,176.140.225.129
687,Norrie,Fellows,nfellowsj2@yale.edu,Female,183.240.171.105
688,Petra,Fulle,pfullej3@shareasale.com,Genderfluid,138.201.5.82
689,Tarah,Kubal,tkubalj4@gnu.org,Female,200.126.143.103
690,Bobina,Hasell,bhasellj5@barnesandnoble.com,Female,232.103.239.20
691,Lorain,Faro,lfaroj6@weather.com,Female,41.20.90.47
692,Jarad,Showell,jshowellj7@senate.gov,Genderqueer,208.45.24.175
693,Berna,McClymond,bmcclymondj8@howstuffworks.com,Female,22.144.71.116
694,Alyss,Nuth,anuthj9@quantcast.com,Female,140.45.118.80
695,Yul,Kingman,ykingmanja@sbwire.com,Male,103.98.166.141
696,Eziechiele,Zucker,ezuckerjb@europa.eu,Genderqueer,60.40.111.130
697,Julina,Shelper,jshelperjc@washington.edu,Female,82.181.185.118
698,Silvan,Wanden,swandenjd@vistaprint.com,Male,225.44.242.120
699,Redford,Plumbley,rplumbleyje@i2i.jp,Male,31.139.87.68
700,Bernarr,Rignall,brignalljf@fotki.com,Genderfluid,179.240.228.182
701,Angel,Cotgrave,acotgravejg@latimes.com,Male,177.171.69.235
702,Dolley,Siflet,dsifletjh@networksolutions.com,Female,84.16.222.13
703,Bernardo,Bonnett,bbonnettji@amazon.co.jp,Bigender,240.234.117.196
704,Marlow,Hambatch,mhambatchjj@issuu.com,Male,102.17.76.205
705,Vergil,Harlin,vharlinjk@geocities.com,Male,209.43.91.68
706,Tanhya,Reder,trederjl@usgs.gov,Female,24.13.167.40
707,Allyn,Melsom,amelsomjm@t-online.de,Female,84.55.194.239
708,Joane,Simoneschi,jsimoneschijn@jigsy.com,Agender,182.36.77.238
709,Gustie,Boulde,gbouldejo@weather.com,Female,169.103.232.70
710,Lesley,Andrzejewski,landrzejewskijp@hc360.com,Male,209.180.15.189
711,Brion,Gosdin,bgosdinjq@jimdo.com,Male,11.41.123.245
712,Wallie,Booy,wbooyjr@linkedin.com,Male,107.16.255.244
713,Selestina,Cockshoot,scockshootjs@usatoday.com,Female,184.151.19.104
714,Lonnie,Neeves,lneevesjt@webs.com,Female,217.171.252.120
715,Reynold,Lorey,rloreyju@ask.com,Male,218.245.228.64
716,Edgardo,Ricardet,ericardetjv@bloglovin.com,Male,209.245.155.55
717,Aguie,Gluyus,agluyusjw@naver.com,Male,94.30.237.88
718,Rabbi,Wisden,rwisdenjx@theatlantic.com,Male,4.197.254.184
719,Koralle,Spacie,kspaciejy@unicef.org,Female,102.239.56.32
720,Olivero,Cheltnam,ocheltnamjz@cnn.com,Male,178.68.78.129
721,Adi,Yanson,ayansonk0@ifeng.com,Female,101.145.115.205
722,Sisely,Dutnall,sdutnallk1@indiatimes.com,Female,29.209.58.211
723,Gery,Petchey,gpetcheyk2@g.co,Male,141.153.44.202
724,Josi,Mudie,jmudiek3@columbia.edu,Non-binary,85.129.103.190
725,Anatol,Sinnie,asinniek4@xing.com,Male,76.156.138.220
726,Ethel,Tyrwhitt,etyrwhittk5@w3.org,Female,217.213.207.201
727,Roseanne,Suggate,rsuggatek6@sogou.com,Female,85.106.179.189
728,Janot,Episcopi,jepiscopik7@netlog.com,Female,246.169.188.134
729,Deb,Fevers,dfeversk8@sourceforge.net,Female,94.136.211.221
730,Hillie,Mc Dermid,hmcdermidk9@about.com,Male,163.235.127.204
731,Rubia,Frankel,rfrankelka@wired.com,Female,44.93.252.50
732,Quinn,Fitzroy,qfitzroykb@abc.net.au,Genderfluid,58.238.52.26
733,Allie,Pinilla,apinillakc@baidu.com,Genderfluid,160.106.160.245
734,Corty,Stourton,cstourtonkd@wufoo.com,Male,206.157.49.173
735,Shelia,Pratley,spratleyke@mapy.cz,Genderfluid,174.158.41.213
736,Clemente,Campes,ccampeskf@squarespace.com,Polygender,158.144.160.115
737,Bree,Hurdidge,bhurdidgekg@berkeley.edu,Female,234.50.11.129
738,Onida,Campey,ocampeykh@zdnet.com,Female,97.143.239.211
739,Kimberly,Kenwood,kkenwoodki@intel.com,Female,35.77.236.138
740,Bordie,Keegan,bkeegankj@zimbio.com,Male,70.202.70.153
741,Yard,Deaves,ydeaveskk@imgur.com,Male,71.35.93.93
742,Edie,Bapty,ebaptykl@mapquest.com,Female,17.87.0.56
743,Geraldine,Widdison,gwiddisonkm@ovh.net,Female,96.12.144.238
744,Ulric,Nealey,unealeykn@vistaprint.com,Male,43.57.148.134
745,Max,Fleming,mflemingko@pagesperso-orange.fr,Male,224.62.234.46
746,Kyrstin,Bowskill,kbowskillkp@thetimes.co.uk,Female,222.104.116.250
747,Faunie,Pruvost,fpruvostkq@nhs.uk,Female,125.112.171.54
748,Mandie,Curson,mcursonkr@wisc.edu,Female,36.169.97.35
749,Homer,Davidsson,hdavidssonks@alibaba.com,Male,65.122.34.50
750,Ashlin,Yakunkin,ayakunkinkt@disqus.com,Male,34.155.64.161
751,Jakie,Mordue,jmordueku@google.de,Male,57.217.175.41
752,Henka,Snoding,hsnodingkv@booking.com,Female,206.214.14.216
753,Chip,Greatbanks,cgreatbankskw@columbia.edu,Male,57.85.186.214
754,Shurlocke,Rispen,srispenkx@nymag.com,Polygender,227.135.86.56
755,Binnie,Samuel,bsamuelky@weather.com,Female,103.188.18.212
756,Foster,Aldwich,faldwichkz@jiathis.com,Male,92.32.211.16
757,Priscilla,Fennelow,pfennelowl0@printfriendly.com,Female,40.232.219.205
758,Raphaela,Ditty,rdittyl1@gizmodo.com,Female,228.47.171.11
759,Kimberley,Haythorn,khaythornl2@ustream.tv,Female,172.170.187.55
760,Zia,McCuish,zmccuishl3@msu.edu,Female,49.93.207.6
761,Joann,MacFall,jmacfalll4@cpanel.net,Female,46.10.7.12
762,Dian,Dedman,ddedmanl5@abc.net.au,Female,48.64.16.83
763,Hyacinth,Priver,hpriverl6@drupal.org,Female,204.179.27.101
764,Windy,Van der Hoven,wvanderhovenl7@pinterest.com,Female,238.79.209.88
765,Gussie,Simoneschi,gsimoneschil8@pbs.org,Female,37.173.160.173
766,Glenn,Ickeringill,gickeringilll9@a8.net,Male,149.235.234.255
767,Vasilis,Bergeau,vbergeaula@hibu.com,Male,60.60.16.135
768,Simmonds,Lydall,slydalllb@economist.com,Male,228.162.2.127
769,Skipper,Donner,sdonnerlc@adobe.com,Male,203.1.124.199
770,Pamela,Grob,pgrobld@globo.com,Female,97.173.185.108
771,Carina,Hudson,chudsonle@loc.gov,Female,217.156.44.134
772,Ivan,Fabry,ifabrylf@google.nl,Male,60.114.122.102
773,Silvester,Blunderfield,sblunderfieldlg@issuu.com,Male,189.239.0.57
774,Annis,Paula,apaulalh@sitemeter.com,Female,174.168.225.170
775,Barb,Boddam,bboddamli@rakuten.co.jp,Female,35.75.33.208
776,Fina,Huntley,fhuntleylj@cornell.edu,Female,200.186.26.193
777,Myrtice,Gosdin,mgosdinlk@whitehouse.gov,Female,147.244.11.12
778,Edmon,di Rocca,ediroccall@blinklist.com,Male,248.54.1.184
779,Zeb,Lamonby,zlamonbylm@google.com.br,Male,255.40.53.90
780,Gillan,Wilcot,gwilcotln@mlb.com,Female,221.212.178.140
781,Caryl,Tanti,ctantilo@redcross.org,Male,216.66.156.200
782,Jordan,Kidstone,jkidstonelp@berkeley.edu,Male,96.110.33.120
783,Rik,Hiley,rhileylq@oakley.com,Male,155.60.207.145
784,Trina,Vearnals,tvearnalslr@altervista.org,Female,217.173.233.150
785,Humberto,Coll,hcollls@ucla.edu,Male,27.191.70.232
786,Conant,Bette,cbettelt@oracle.com,Male,222.199.238.145
787,Nathanil,Janaszewski,njanaszewskilu@cdc.gov,Male,19.156.131.19
788,Gianina,Penk,gpenklv@php.net,Female,94.235.10.158
789,Gates,Breydin,gbreydinlw@yolasite.com,Female,42.121.202.30
790,Jennine,Bonehill,jbonehilllx@forbes.com,Female,178.54.81.13
791,Cordie,Worcester,cworcesterly@webs.com,Male,204.117.249.219
792,Elfreda,Blackley,eblackleylz@walmart.com,Female,77.12.239.178
793,Arin,Aaronson,aaaronsonm0@issuu.com,Male,36.45.167.252
794,Anthiathia,Symon,asymonm1@rambler.ru,Female,73.181.140.16
795,Burk,Lazonby,blazonbym2@photobucket.com,Male,228.171.131.161
796,Brion,Mattaser,bmattaserm3@reference.com,Genderfluid,254.241.25.34
797,Merrilee,Seiller,mseillerm4@meetup.com,Female,191.189.95.160
798,George,Parvin,gparvinm5@cornell.edu,Non-binary,101.176.94.86
799,Mason,Gosden,mgosdenm6@reference.com,Male,172.116.76.98
800,Julissa,Dyott,jdyottm7@is.gd,Female,136.210.16.100
801,Alwin,Atlee,aatleem8@1688.com,Male,19.187.14.190
802,Cullen,Giovannacci,cgiovannaccim9@sbwire.com,Male,11.6.16.250
803,Killie,Royds,kroydsma@vinaora.com,Male,178.159.128.133
804,Rolf,Smeath,rsmeathmb@yellowpages.com,Male,149.95.15.182
805,Enrique,Groome,egroomemc@comsenz.com,Non-binary,87.50.211.103
806,Delilah,Bartosik,dbartosikmd@paginegialle.it,Female,57.17.169.151
807,Jared,Bolter,jbolterme@sourceforge.net,Male,182.146.229.255
808,Emalia,Whibley,ewhibleymf@ebay.co.uk,Female,122.39.74.91
809,Yolande,Yerby,yyerbymg@mediafire.com,Female,59.2.66.116
810,Lorain,Armstrong,larmstrongmh@drupal.org,Female,171.65.153.9
811,Gwennie,Cullingford,gcullingfordmi@independent.co.uk,Female,227.179.116.175
812,Sofia,Novill,snovillmj@intel.com,Female,143.27.90.146
813,Gregory,Vasilevich,gvasilevichmk@timesonline.co.uk,Male,212.35.78.142
814,Rozele,Chell,rchellml@gov.uk,Genderfluid,198.252.96.207
815,Dinnie,Brugemann,dbrugemannmm@bloglovin.com,Female,241.226.115.43
816,Jessy,Mobius,jmobiusmn@nytimes.com,Female,103.68.0.244
817,Ludvig,Titmuss,ltitmussmo@wisc.edu,Male,38.215.237.42
818,Gregorio,Ovenden,govendenmp@arizona.edu,Male,15.48.238.27
819,Benson,Swire,bswiremq@gravatar.com,Male,201.90.89.167
820,Miranda,Lampbrecht,mlampbrechtmr@bbb.org,Genderqueer,28.84.149.126
821,Harmonia,Wind,hwindms@msn.com,Female,104.219.57.14
822,Gladys,Moss,gmossmt@msu.edu,Female,236.210.57.253
823,Ellis,Frid,efridmu@dell.com,Male,161.203.198.7
824,Dimitri,Walasik,dwalasikmv@shareasale.com,Male,104.121.188.44
825,Inness,Semkins,isemkinsmw@geocities.jp,Bigender,233.154.143.250
826,Rois,Adelsberg,radelsbergmx@google.ru,Female,225.191.214.77
827,Annelise,Willgrass,awillgrassmy@cargocollective.com,Female,234.253.143.15
828,Natividad,Kinnar,nkinnarmz@example.com,Female,96.43.68.199
829,Ardis,Grantham,agranthamn0@privacy.gov.au,Female,44.102.158.150
830,Shirley,Dunne,sdunnen1@godaddy.com,Female,92.2.93.47
831,Carroll,Renak,crenakn2@pen.io,Male,73.67.176.176
832,Corinna,Flindall,cflindalln3@sbwire.com,Female,24.248.226.85
833,Tracie,Axelby,taxelbyn4@eventbrite.com,Female,78.55.82.38
834,Ophelia,Spall,ospalln5@nba.com,Female,115.6.98.236
835,Paxon,Buckbee,pbuckbeen6@free.fr,Male,103.56.58.172
836,Rubie,Sturman,rsturmann7@bluehost.com,Female,246.36.193.228
837,Ode,Crim,ocrimn8@bigcartel.com,Male,28.54.226.160
838,Lynne,Bastiman,lbastimann9@paypal.com,Female,246.147.189.231
839,Leanna,Fewings,lfewingsna@noaa.gov,Female,252.53.149.129
840,Kellen,Gong,kgongnb@ucla.edu,Male,21.118.161.145
841,Terrill,Angier,tangiernc@umich.edu,Bigender,126.168.162.86
842,Anabal,Crowne,acrownend@unc.edu,Female,20.113.202.143
843,Maddie,Rawlings,mrawlingsne@eepurl.com,Male,145.174.83.214
844,Brent,Coldicott,bcoldicottnf@theatlantic.com,Polygender,147.105.209.102
845,Julieta,Androli,jandroling@goo.gl,Female,135.2.87.119
846,Auroora,Burrage,aburragenh@stumbleupon.com,Female,177.168.23.106
847,Nickola,Duckering,nduckeringni@macromedia.com,Male,90.152.111.245
848,Trace,Gallienne,tgalliennenj@noaa.gov,Male,53.71.254.3
849,Aurie,Golightly,agolightlynk@over-blog.com,Female,41.152.105.41
850,Drud,Filochov,dfilochovnl@surveymonkey.com,Male,177.185.253.38
851,Hillyer,Tickel,htickelnm@alexa.com,Male,156.111.216.178
852,Jozef,Keable,jkeablenn@symantec.com,Male,48.217.220.243
853,Ugo,Wallwood,uwallwoodno@umn.edu,Male,122.35.190.174
854,Meta,Sendall,msendallnp@blogtalkradio.com,Female,179.182.83.227
855,Gayelord,Cometti,gcomettinq@creativecommons.org,Male,98.219.125.9
856,Josias,MacTerrelly,jmacterrellynr@theguardian.com,Male,188.9.10.218
857,Legra,Fenemore,lfenemorens@census.gov,Female,128.136.178.79
858,Laryssa,Grainge,lgraingent@thetimes.co.uk,Female,44.95.140.136
859,Wolfie,Kix,wkixnu@mtv.com,Male,11.31.177.240
860,Orion,Connochie,oconnochienv@wix.com,Male,91.178.191.176
861,Rudolf,Gocher,rgochernw@newyorker.com,Male,175.174.175.132
862,Mallissa,Constanza,mconstanzanx@ustream.tv,Female,56.27.206.159
863,Pamela,Croome,pcroomeny@umn.edu,Genderqueer,64.4.118.204
864,Nichole,Greenway,ngreenwaynz@blogs.com,Agender,113.90.51.8
865,Hadria,Trayhorn,htrayhorno0@columbia.edu,Female,244.254.47.161
866,Maryl,Gilcriest,mgilcriesto1@nih.gov,Female,185.159.172.207
867,Lin,Hourston,lhourstono2@howstuffworks.com,Female,55.241.33.95
868,Gabriellia,Poag,gpoago3@cornell.edu,Female,97.153.70.114
869,Carmine,Excell,cexcello4@unesco.org,Female,179.232.58.133
870,Edmon,Jorg,ejorgo5@naver.com,Male,39.173.208.217
871,Niels,Rennox,nrennoxo6@amazon.co.uk,Male,20.252.99.149
872,Ketti,Brumfitt,kbrumfitto7@trellian.com,Genderqueer,194.135.54.81
873,Elaina,Hamsher,ehamshero8@seattletimes.com,Female,30.132.112.242
874,Edgard,Kalewe,ekaleweo9@psu.edu,Bigender,187.208.6.233
875,Kerrie,Lock,klockoa@paypal.com,Female,140.197.133.183
876,Bobette,Fieldsend,bfieldsendob@networkadvertising.org,Female,243.160.151.179
877,Chuck,Joddens,cjoddensoc@ning.com,Male,137.78.122.9
878,Nettle,Goodbar,ngoodbarod@google.com.br,Female,111.136.21.153
879,Linda,Letson,lletsonoe@miitbeian.gov.cn,Female,165.236.254.245
880,Nevil,Godsal,ngodsalof@thetimes.co.uk,Male,73.144.100.180
881,Faber,Syson,fsysonog@google.pl,Male,54.31.160.222
882,Artemus,Bygott,abygottoh@craigslist.org,Male,26.86.227.37
883,Ingmar,Tuttiett,ituttiettoi@amazon.com,Male,129.148.13.226
884,Biddie,Offa,boffaoj@nba.com,Female,176.177.156.67
885,Constantin,Treske,ctreskeok@ow.ly,Male,144.95.185.49
886,Avery,Buey,abueyol@earthlink.net,Male,225.161.216.233
887,Nadya,Haddacks,nhaddacksom@foxnews.com,Female,77.126.139.81
888,Collen,Immer,cimmeron@army.mil,Female,9.100.153.136
889,Shelley,Splain,ssplainoo@prnewswire.com,Male,188.179.146.35
890,Saree,Brolly,sbrollyop@yellowpages.com,Female,26.207.71.121
891,Taryn,Cosh,tcoshoq@paypal.com,Female,128.71.135.59
892,Bradly,Givens,bgivensor@merriam-webster.com,Male,204.5.182.198
893,Lefty,Ferrarin,lferrarinos@miitbeian.gov.cn,Male,230.189.221.218
894,Marcel,Fenton,mfentonot@icq.com,Male,91.221.90.141
895,Alvy,Ker,akerou@homestead.com,Male,109.100.32.149
896,Justina,Ansty,janstyov@craigslist.org,Female,138.167.45.164
897,Vivyanne,Rathmell,vrathmellow@fema.gov,Female,243.187.207.33
898,Stanly,Leadley,sleadleyox@google.cn,Male,159.24.179.151
899,Calida,Bloom,cbloomoy@mayoclinic.com,Polygender,6.177.174.166
900,Charmine,Kaaskooper,ckaaskooperoz@1688.com,Female,25.226.227.200
901,Margi,Hallaways,mhallawaysp0@who.int,Female,179.139.114.23
902,Haywood,Bedo,hbedop1@linkedin.com,Male,153.125.255.7
903,Barbette,Dutteridge,bdutteridgep2@arizona.edu,Female,252.175.106.10
904,Delphinia,Martinet,dmartinetp3@acquirethisname.com,Female,225.163.111.168
905,Levey,Readmire,lreadmirep4@fema.gov,Male,142.18.127.105
906,Halsy,Long,hlongp5@aboutads.info,Male,40.48.223.177
907,Trescha,Thornber,tthornberp6@wired.com,Genderqueer,51.173.172.6
908,Jilly,Haddinton,jhaddintonp7@europa.eu,Female,121.107.1.254
909,Adan,Gerrell,agerrellp8@umn.edu,Male,0.14.0.112
910,Hyacinth,Brotherhead,hbrotherheadp9@stumbleupon.com,Female,212.80.108.227
911,Georgy,Skipperbottom,gskipperbottompa@fastcompany.com,Male,102.39.34.31
912,Kate,Dawtre,kdawtrepb@t.co,Female,206.245.146.23
913,Norman,Bachmann,nbachmannpc@dailymail.co.uk,Male,181.96.175.190
914,Gallard,Blenkhorn,gblenkhornpd@ustream.tv,Male,99.8.205.90
915,Sibby,Mitchell,smitchellpe@mac.com,Female,98.137.102.40
916,Ivie,Oehm,ioehmpf@ehow.com,Female,156.9.157.252
917,Slade,Metzing,smetzingpg@nature.com,Male,33.71.252.129
918,Jayme,Maddyson,jmaddysonph@disqus.com,Male,76.4.214.155
919,Doralyn,Molen,dmolenpi@dmoz.org,Female,178.160.226.90
920,Haily,Ashbridge,hashbridgepj@ustream.tv,Female,243.43.125.12
921,Sayers,Lawley,slawleypk@icio.us,Male,178.221.60.220
922,Brigham,Pieterick,bpieterickpl@microsoft.com,Male,183.147.1.100
923,Christine,Charlot,ccharlotpm@mapy.cz,Female,7.189.184.229
924,Babs,Folbige,bfolbigepn@sogou.com,Female,6.60.185.95
925,Sterne,Cleverley,scleverleypo@php.net,Genderfluid,64.8.235.139
926,Kala,Gladwish,kgladwishpp@bigcartel.com,Female,69.133.25.112
927,Jonathan,Atyeo,jatyeopq@tripadvisor.com,Male,84.46.115.244
928,Michelle,Bizley,mbizleypr@marketwatch.com,Polygender,231.26.27.90
929,Donelle,Lyte,dlyteps@adobe.com,Female,67.78.175.90
930,Ashien,Kittel,akittelpt@squarespace.com,Female,219.0.110.238
931,Gareth,De Vuyst,gdevuystpu@vinaora.com,Male,249.28.182.189
932,Eduard,Cuffley,ecuffleypv@amazon.co.uk,Male,156.181.134.21
933,Marjory,O'Dyvoie,modyvoiepw@dot.gov,Female,148.181.71.23
934,Guglielmo,Bletsoe,gbletsoepx@yellowpages.com,Male,12.111.149.111
935,Caron,Batman,cbatmanpy@businessweek.com,Polygender,224.162.12.155
936,Nate,Vinden,nvindenpz@fda.gov,Male,3.32.178.201
937,Ruth,Muggleston,rmugglestonq0@furl.net,Female,82.151.154.115
938,Galen,Godbert,ggodbertq1@over-blog.com,Male,62.32.242.206
939,Bessie,Rodinger,brodingerq2@japanpost.jp,Female,141.37.105.61
940,Orelle,Ivel,oivelq3@bandcamp.com,Female,219.88.7.48
941,Melicent,Monson,mmonsonq4@google.com.hk,Female,44.145.205.12
942,Henriette,Smethurst,hsmethurstq5@storify.com,Female,136.42.141.120
943,Etan,Corsham,ecorshamq6@facebook.com,Male,227.252.220.17
944,Guthrie,Silverson,gsilversonq7@flickr.com,Male,132.129.119.33
945,Fallon,MacKonochie,fmackonochieq8@ebay.co.uk,Genderfluid,228.145.62.12
946,Ramsey,Tallowin,rtallowinq9@dion.ne.jp,Male,254.230.0.143
947,Shirline,Chesnay,schesnayqa@oracle.com,Female,201.111.56.67
948,Weylin,Ferry,wferryqb@goo.ne.jp,Male,141.86.223.173
949,Laurence,McNickle,lmcnickleqc@bravesites.com,Non-binary,241.66.249.223
950,Cosetta,Vance,cvanceqd@blogs.com,Bigender,204.194.123.188
951,Gelya,Birtle,gbirtleqe@europa.eu,Female,85.198.77.240
952,Amandi,Heckner,ahecknerqf@nytimes.com,Female,54.225.117.216
953,Linette,Jordeson,ljordesonqg@webeden.co.uk,Polygender,15.249.234.50
954,Skipper,Cockshtt,scockshttqh@google.com.hk,Male,27.31.87.242
955,Ana,McGeachey,amcgeacheyqi@arizona.edu,Female,143.70.171.207
956,Zelda,Whitcher,zwhitcherqj@rakuten.co.jp,Female,57.167.193.5
957,Silvanus,Hackley,shackleyqk@upenn.edu,Male,194.170.79.253
958,Clovis,Sainsbury,csainsburyql@cdc.gov,Female,49.226.254.8
959,Rosina,Knight,rknightqm@wikimedia.org,Genderfluid,82.205.14.136
960,Matilda,Crucetti,mcrucettiqn@apache.org,Female,93.230.241.40
961,Alyosha,Million,amillionqo@microsoft.com,Male,238.119.155.196
962,Levi,Danforth,ldanforthqp@newsvine.com,Male,94.8.28.83
963,Redford,Croston,rcrostonqq@goodreads.com,Genderfluid,206.17.185.177
964,Lamar,Maleney,lmaleneyqr@forbes.com,Male,168.52.58.205
965,Fanchon,Wisedale,fwisedaleqs@bing.com,Female,131.14.160.114
966,Aluin,Pallasch,apallaschqt@nytimes.com,Male,167.15.131.240
967,Christoper,McDermot,cmcdermotqu@acquirethisname.com,Male,85.137.234.63
968,Yuri,Naish,ynaishqv@booking.com,Male,49.33.182.32
969,Lizabeth,Tappin,ltappinqw@simplemachines.org,Female,143.177.112.138
970,Elmo,Monelli,emonelliqx@phoca.cz,Genderfluid,215.52.184.149
971,Ortensia,McKerton,omckertonqy@tiny.cc,Female,18.40.47.207
972,Aurlie,Ondricek,aondricekqz@lulu.com,Female,19.190.223.126
973,Marieann,Vasyaev,mvasyaevr0@bizjournals.com,Female,220.48.228.227
974,Eric,Sirman,esirmanr1@live.com,Male,136.149.37.100
975,Adriaens,Ruppert,aruppertr2@elegantthemes.com,Female,141.132.151.76
976,Yorgos,Dobie,ydobier3@buzzfeed.com,Male,237.211.162.232
977,Mirna,Bothie,mbothier4@phpbb.com,Genderfluid,90.222.116.235
978,Marcela,Blaik,mblaikr5@mail.ru,Agender,59.153.119.237
979,Elana,Uden,eudenr6@google.co.jp,Female,125.157.109.64
980,Marge,Cogley,mcogleyr7@123-reg.co.uk,Female,156.183.228.150
981,Emery,Matasov,ematasovr8@furl.net,Male,134.76.79.132
982,Bobbette,Beedle,bbeedler9@cornell.edu,Female,186.164.84.218
983,Katharyn,Petrushkevich,kpetrushkevichra@cbslocal.com,Female,235.142.247.181
984,Beatrice,Stubbe,bstubberb@gmpg.org,Female,168.168.92.179
985,Trevor,Gristhwaite,tgristhwaiterc@rambler.ru,Male,153.97.44.58
986,Klaus,Dikelin,kdikelinrd@accuweather.com,Male,180.128.174.207
987,Erich,Kinchington,ekinchingtonre@marriott.com,Male,220.198.233.197
988,Archie,Flury,afluryrf@accuweather.com,Male,246.192.142.139
989,Colan,Duchesne,cduchesnerg@pinterest.com,Polygender,176.248.51.220
990,Karel,Challicombe,kchallicomberh@multiply.com,Male,90.68.186.110
991,Morganica,Moors,mmoorsri@mlb.com,Female,69.141.32.97
992,Israel,Tyreman,ityremanrj@ft.com,Male,127.210.40.22
993,Emmye,Huffey,ehuffeyrk@jalbum.net,Female,17.207.143.140
994,Anni,Sloper,asloperrl@sfgate.com,Female,1.157.121.214
995,Pyotr,Briddle,pbriddlerm@fastcompany.com,Male,40.139.131.201
996,Drud,Munkton,dmunktonrn@cnn.com,Male,222.129.218.231
997,Alden,Kinney,akinneyro@domainmarket.com,Male,84.245.155.127
998,Miguelita,Fonte,mfonterp@bloglines.com,Female,238.83.152.70
999,Towney,Skeermer,tskeermerrq@arstechnica.com,Male,169.254.182.107
1000,Dominique,Jaquet,djaquetrr@diigo.com,Female,255.150.87.96
